,TP,TN,FP,FN,accuracy,recall,precision,F1-score,AUC-ROC
0,699.0,350.0,203.0,463.0,0.6116617918014526,0.6015490293502808,0.774944543838501,0.6773256063461304,0.6610329201071918
