,TP,TN,FP,FN,accuracy,recall,precision,F1-score,AUC-ROC
0,332.0,830.0,203.0,380.0,0.6659025549888611,0.466292142868042,0.6205607652664185,0.5324779748916626,0.6739553988057039
