,TP,TN,FP,FN,accuracy,recall,precision,F1-score,AUC-ROC
0,443.0,743.0,214.0,394.0,0.6610925197601318,0.5292711853981018,0.6742770075798035,0.59303879737854,0.6984459600329085
