,TP,TN,FP,FN,accuracy,recall,precision,F1-score,AUC-ROC
0,519.0,486.0,105.0,410.0,0.6611841917037964,0.5586652159690857,0.8317307829856873,0.668383777141571,0.7544108888439619
