,TP,TN,FP,FN,accuracy,recall,precision,F1-score,AUC-ROC
0,565.0,483.0,70.0,597.0,0.6110787391662598,0.48623064160346985,0.8897637724876404,0.628825843334198,0.7552553276915464
