,TP,TN,FP,FN,accuracy,recall,precision,F1-score,AUC-ROC
0,509.0,513.0,78.0,420.0,0.6723684072494507,0.5479009747505188,0.8671209812164307,0.671504020690918,0.7592056302011332
