,TP,TN,FP,FN,accuracy,recall,precision,F1-score,AUC-ROC
0,533.0,817.0,140.0,304.0,0.7525083422660828,0.636798083782196,0.7919762134552002,0.705960214138031,0.8110133594004563
