,TP,TN,FP,FN,accuracy,recall,precision,F1-score,AUC-ROC
0,431.0,563.0,91.0,436.0,0.6535174250602722,0.4971165060997009,0.8256704807281494,0.620590329170227,0.7689870515574461
