,TP,TN,FP,FN,accuracy,recall,precision,F1-score,AUC-ROC
0,470.0,568.0,88.0,454.0,0.6569620370864868,0.5086579918861389,0.842293918132782,0.6342779994010925,0.756371423292155
