,TP,TN,FP,FN,accuracy,recall,precision,F1-score,AUC-ROC
0,407.0,691.0,124.0,298.0,0.7223684191703796,0.5773049592971802,0.7664783596992493,0.6585760712623596,0.777912370012618
